cell_id,r_c,x_c,z_c,radial_pos,A_true,rel_err_N200,rel_err_N317,rel_err_N502,rel_err_N796,rel_err_N1262,rel_err_N2000
0.000000000000000000e+00,1.409953663650769795e-01,3.245571490615546395e-01,6.169505458881152649e-02,3.303689191913800616e-01,6.661322740718618463e-02,6.259679992131061965e-04,-3.179565282921847924e-03,8.362849313614528768e-04,-1.084532590654996298e-04,1.073950616934382651e-04,-5.687277502186560696e-05
1.000000000000000000e+00,7.634834309038385225e-02,5.136125575552548117e-01,5.863501998880349397e-02,5.169486675169376877e-01,2.145917160299005283e-02,-1.033866470305788710e-04,-1.972215345814487542e-03,-2.322716669370339382e-03,7.262202819846574897e-04,9.600921139125695447e-04,2.060321685148913673e-05
2.000000000000000000e+00,6.864249147493459158e-02,2.412993613317031549e-01,2.081574035073761042e-01,3.186767741992196923e-01,1.564076668096504863e-02,1.323914700751349649e-02,-5.070285007883756911e-03,-1.717309636185326838e-03,-2.443191105715558642e-03,1.052366827083650591e-03,-8.797383722591867183e-05
3.000000000000000000e+00,1.971253008164345344e-01,2.623959908422167642e-01,2.127815490827861256e-01,3.378278313581325465e-01,1.314559668360564260e-01,-2.868904231290492213e-03,-1.709751677999804542e-03,6.523711056982683942e-04,3.892643527281247628e-04,9.081270658439777321e-05,3.374894410557160995e-05
4.000000000000000000e+00,1.532670095856410453e-01,-1.570888286978422421e-01,-5.160514715546485887e-01,5.394312017258348080e-01,8.886468204930234038e-02,1.158343193902178214e-03,4.405194733005934893e-04,1.030707587760693045e-03,-9.497805620928279069e-05,1.750345621907012372e-04,-1.668248982311659745e-04
5.000000000000000000e+00,1.582232510291122773e-01,3.585642670995248249e-02,-2.683585131550063618e-01,2.707433746542506348e-01,8.232797683206558026e-02,-4.313962164892104489e-03,1.071864729834004493e-03,-9.641954138288610920e-04,7.726859594381352281e-06,-2.242623770735141520e-04,6.407892425186467733e-05
6.000000000000000000e+00,1.036692795063605399e-01,1.011584567322796335e-01,-2.519147230141804972e-01,2.714665007690042486e-01,3.519581699059776136e-02,-5.180583717584674730e-03,4.444799364970108968e-03,-5.503592242456223360e-04,-1.188965544353326464e-03,-3.990237321007672477e-04,9.989044056935014737e-05
7.000000000000000000e+00,1.391450045299545413e-01,-2.292281431962462923e-01,-1.532738793566256197e-01,2.757506549878498414e-01,6.365630654472309580e-02,1.138926402338036326e-03,1.337906651651232792e-03,-2.380302798378752804e-03,-2.974536180072595570e-04,-2.683710531059535498e-04,-1.262209700608751817e-04
8.000000000000000000e+00,1.835411528007188653e-01,-3.858574316156070383e-01,1.742129307250178671e-01,4.233628500055156563e-01,1.184683974145672031e-01,3.585547411615985780e-03,-6.070482185324133084e-04,3.783940161918852851e-04,-1.100555268976899370e-04,7.334240452738782778e-05,4.864246500702051890e-06
9.000000000000000000e+00,6.260230153735772685e-02,4.704298650554734618e-01,4.060183201848570622e-01,6.214138188533017138e-01,1.576374846021074555e-02,7.116449953122216954e-03,-1.207275336263857746e-03,6.841239331904613863e-03,-1.695283475758868619e-04,-6.506099862235714681e-04,-1.631363635308247240e-04
1.000000000000000000e+01,1.004175590818490726e-01,-4.945795209576675511e-01,-7.023074120061600922e-02,4.995410489242138596e-01,3.675514525936548343e-02,-3.092725932805628908e-03,-2.116861764679511815e-03,9.276903432442473729e-05,1.247142208046447820e-03,-3.632853273813907435e-04,3.941961338638222401e-05
1.100000000000000000e+01,1.370498578980276216e-01,-2.846866591256318468e-01,2.432374890645886412e-01,3.744475530305406696e-01,6.407728537668966329e-02,-3.266231675923103595e-03,1.794711872616261417e-03,3.665350596022687313e-04,1.168368743456049685e-04,6.125380748149833465e-04,3.262331726450184988e-05
1.200000000000000000e+01,6.582429193553443469e-02,1.825864989203775934e-01,6.040877621779960904e-01,6.310783263599061277e-01,1.761126907402475739e-02,1.385702562315538344e-02,1.109640182010984688e-04,3.682939875266910690e-04,9.045139391299361620e-04,-6.565648560926673483e-04,6.898317075587634406e-05
1.300000000000000000e+01,1.923415512406648209e-01,-5.650470587180400628e-02,3.644836284497432466e-01,3.688374942892188590e-01,1.267519188830557586e-01,1.502306606162351343e-03,6.656872897865540040e-04,-3.154194888466133051e-05,-2.259388285259511520e-04,5.186244461596878352e-05,6.487095831753109110e-05
1.400000000000000000e+01,1.246134043231428568e-01,4.145365449272553349e-02,4.041620138817647589e-01,4.062823389414879083e-01,5.371611969026372779e-02,4.407242442024283946e-03,2.818687060728963800e-03,1.483098392298654034e-03,1.255029920748107486e-04,1.681402552236033188e-04,-6.644589224136243644e-05
1.500000000000000000e+01,1.121983774033506326e-01,3.316098473773063660e-01,2.986011216515918054e-01,4.462372919525990911e-01,4.443369640358776906e-02,-8.968210589817671163e-03,2.405964779012670363e-03,-7.089653518959071477e-04,-5.003521648988540349e-04,-4.701090269338958905e-04,7.679445644970250839e-05
1.600000000000000000e+01,1.733560741314605913e-01,-2.830134956220742293e-02,-3.784818467044106516e-01,3.795385022258259133e-01,1.032018141476957473e-01,-9.020501827092797242e-04,-7.467708086150715019e-04,-1.375430709797731410e-03,-7.480363975798098863e-06,-3.721957877111936597e-05,4.311809803136945618e-05
1.700000000000000000e+01,5.607660667826519507e-02,3.281063084520940976e-01,1.617481970079182041e-01,3.658090060145772759e-01,1.062661347798336126e-02,-8.207582823416825768e-03,-7.198448113434618989e-04,-2.235878661818846425e-03,2.631296914727743186e-03,-2.396952826854925611e-03,1.052787256476950262e-04
1.800000000000000000e+01,1.343347763342685464e-01,-3.410169627060214426e-01,-3.653257086181223023e-01,4.997553823927994854e-01,6.605796588685811099e-02,3.830534042198241451e-03,1.880749799618053331e-03,-1.487680631511500984e-03,-2.881533869593111419e-04,-8.650608143567772856e-05,1.367577245936502095e-04
1.900000000000000000e+01,9.324961355113664530e-02,1.217964062913038381e-01,7.649552176900675793e-02,1.438260387975311694e-01,2.766821658337629414e-02,6.610437324846785145e-03,1.012332675193183817e-03,5.434585443766515311e-04,4.023651569817765505e-04,6.589008229176407383e-04,1.992776825170405886e-04
2.000000000000000000e+01,1.714566163869166715e-01,8.552591152457234003e-02,-2.992175880618109796e-01,3.112006531928179776e-01,9.811918565854539642e-02,-3.885097290209360565e-04,1.267294337981006436e-03,-1.128171629320995351e-04,-1.656852244911188876e-04,-5.553011607506430636e-05,1.338053109578574151e-05
2.100000000000000000e+01,1.119344514021339276e-01,4.498909916223592376e-01,1.789071548818575996e-01,4.841587285290545051e-01,4.525931518102896400e-02,-3.818331498447902206e-03,1.876055333243975554e-03,5.686307222518838245e-04,3.146929508046625301e-05,-4.818786105598160674e-05,3.868624283909216643e-04
2.200000000000000000e+01,1.938616464046163390e-01,-1.846900530202462143e-01,7.440391171613913723e-02,1.991139316152548688e-01,1.217614343576287894e-01,8.824685472888393889e-03,-1.805209937420282351e-03,2.195289397370903117e-04,3.112538360938721382e-04,1.043776444709099138e-04,-8.884101532857791028e-05
2.300000000000000000e+01,1.734059420272253127e-01,-1.196650419428690881e-01,4.664132689049893532e-01,4.815195319754189685e-01,1.093810209757894586e-01,-3.712295600467596657e-03,3.237309921622077979e-04,-1.593932271384268518e-03,-3.677035141368412141e-04,6.715271266166666919e-05,1.148347240162994609e-04
2.400000000000000000e+01,5.149318412109379905e-02,-1.908535539926127234e-01,-5.959071162169990998e-01,6.257238769854249760e-01,1.070200102431800859e-02,-4.102783394000164563e-03,8.689024111923293603e-03,-5.643427974183934381e-03,-2.470286576791380639e-03,-2.146243676058867678e-04,-2.463918331097048053e-04
2.500000000000000000e+01,1.478921864504957884e-01,-3.198256719034067719e-01,2.865933067700605630e-01,4.294463690542320022e-01,7.678642051081344122e-02,-3.479597077058471655e-04,-1.218008533859116227e-03,-7.787283340698891720e-04,1.528272295530097580e-04,-3.922787028610708049e-04,-7.441941458541379006e-05
2.600000000000000000e+01,5.891962274005077549e-02,-1.686159641815904164e-01,-9.931447511164015474e-02,1.956903378902187240e-01,1.113178409783284646e-02,3.636586092038496254e-02,3.716410084775523259e-03,1.371005033266259332e-03,-3.478384257767919152e-04,-8.385750750306009138e-05,8.249537853122212994e-05
2.700000000000000000e+01,9.632860440788915124e-02,-3.254999395041561772e-01,5.135295175362206699e-01,6.079989934187333134e-01,3.697715143898236412e-02,2.443861622589471594e-03,-3.024301361236547692e-03,-1.834763300512687323e-03,9.920488780406078178e-04,2.369584846473316020e-05,7.488492061427098889e-04
2.800000000000000000e+01,1.821960759106535099e-01,1.514128534544589844e-02,-2.201990889924688166e-01,2.207190461084530264e-01,1.079491192650556958e-01,5.978082276485219282e-03,1.197573011603170201e-03,4.795312577539068144e-04,-5.060630016082701133e-04,-1.957318277698849585e-04,-2.004597495253168660e-05
2.900000000000000000e+01,1.992376022241377220e-01,-2.602951343833066478e-01,-4.487124568951507686e-01,5.187450490910792134e-01,1.491457289696099531e-01,1.923325527345420838e-03,2.254084447614879139e-04,-1.997962722094515087e-04,5.154164482621403920e-04,-1.983495169655125068e-05,9.735055819226623441e-05
3.000000000000000000e+01,1.820147181956104920e-01,4.417089560181353125e-01,2.374314743377620163e-01,5.014783213986765409e-01,1.224010829130394440e-01,-9.890576417297403111e-04,1.964518012412375114e-03,1.915318872152127483e-04,2.946711638982524306e-04,-2.115787244549860446e-05,4.663425527295927964e-06
3.100000000000000000e+01,1.505092773972404041e-01,3.035164452738186025e-01,-4.708582636685114120e-01,5.602050847828680125e-01,8.716119165439659144e-02,-2.806360091237691812e-03,1.694599434951538086e-04,1.508907104373680141e-03,-5.292930546074714471e-06,-3.761903872490091061e-04,1.414877810423931237e-05
3.200000000000000000e+01,1.093335909657314059e-01,5.801892686245104791e-01,8.683379820964309825e-02,5.866512558058299964e-01,4.675951112181894048e-02,6.556040985139732769e-03,3.853765955544874444e-03,-8.528039926207764410e-04,-9.107643147439059561e-04,5.630517336032703213e-04,-2.005630366725963398e-04
3.300000000000000000e+01,1.367503872389409236e-01,-4.325658235039783750e-01,3.680101691884363202e-02,4.341284447141605662e-01,6.573325776109749385e-02,-2.447635993003904886e-03,3.485945568661552585e-03,1.286719628848631558e-03,4.083622698578537324e-04,-5.192729638000548320e-04,-1.784707673513352688e-05
3.400000000000000000e+01,1.967398570760218734e-01,1.270954129023422752e-01,-2.550086755139797656e-01,2.849257246515503605e-01,1.284148987432108813e-01,-9.256573575016080468e-04,9.826308017446550025e-05,-2.220210477663853155e-03,4.771690493532432242e-05,1.609478813024978194e-05,2.166025546475047747e-04
3.500000000000000000e+01,7.812615735916773885e-02,2.439895055558145565e-01,-4.311832521696023490e-01,4.954289815633778349e-01,2.214188970029181552e-02,1.161691153160226975e-03,-3.605850433902380026e-03,1.459051161258884122e-04,8.854035892209566327e-04,-1.429265794091971742e-03,1.394765912456907841e-04
3.600000000000000000e+01,6.083978982948152342e-02,-3.843315055740426089e-05,3.452059657426067574e-01,3.452059678820643684e-01,1.240591265949142312e-02,-2.538280349538069025e-03,-3.629473736017629903e-03,-2.142105267555538539e-03,-5.475137081767389446e-04,-8.869089898818627304e-04,4.725471506277223455e-04
3.700000000000000000e+01,7.658401107119883200e-02,-1.582975459910781479e-01,-6.181591142593110266e-01,6.381056367159386733e-01,2.405330801591782156e-02,-1.290688115041127570e-02,8.572954961408640884e-03,-4.276585136621990912e-03,-1.640228928113995899e-03,-3.600228404718741615e-04,-9.817230285258382594e-06
3.800000000000000000e+01,1.451104969021164981e-01,-4.848357125629809694e-03,-4.758214639646574096e-01,4.758461643601715751e-01,7.597095902565298431e-02,8.112245013124574911e-03,3.216257931108579271e-03,3.080943589564011376e-04,3.043635967654445551e-04,-2.338734642806095110e-04,1.116363961339850164e-04
3.900000000000000000e+01,1.510600156590910514e-01,-2.573622782245552632e-01,2.982291626620829916e-01,3.939238196847971163e-01,7.868177431639519770e-02,-3.821787645445273718e-03,1.099954530369151584e-03,-5.154585663564859033e-04,5.339330567477595935e-05,2.220335558213992755e-04,-2.841208128001593280e-05
4.000000000000000000e+01,1.190532993300987274e-01,1.056397809110598551e-02,4.096492073994850713e-01,4.097853959771329824e-01,4.908953415788332858e-02,1.620569013917050327e-03,-1.462898988251248866e-03,6.738635818137606037e-04,-9.129252582467106691e-04,2.666308053944632661e-04,-1.231983952594273291e-04
4.100000000000000000e+01,6.391182132850711795e-02,1.113813435523037798e-01,-4.281744437467875919e-01,4.424241833008083491e-01,1.433406498244440760e-02,-1.071555689715608661e-02,-4.624259150309062427e-03,1.891337227990730341e-03,1.651633111014572108e-03,-4.857408156212494887e-04,3.510088515201736925e-05
4.200000000000000000e+01,1.221890744862903083e-01,4.434041258287968468e-01,1.454503166672119763e-01,4.666508474444161503e-01,5.339840715843671703e-02,1.054138217534572597e-02,1.375167280403655212e-03,8.394106000870760198e-04,3.082282224793342351e-04,2.041725499573043834e-04,1.557088849213350557e-04
4.300000000000000000e+01,1.752482305937601015e-01,-1.671391410437934599e-01,-2.467157557258262690e-01,2.980002627385127667e-01,1.020756184730816640e-01,-2.311876660754386137e-05,-1.692593159737132424e-03,7.117727258598716134e-04,1.908162150827674708e-04,1.483120300092011234e-04,-4.249916684506693798e-05
4.400000000000000000e+01,1.991040156814976592e-01,3.976634216469139282e-01,-2.045640291575168135e-02,3.981892280514163218e-01,1.379025729518714716e-01,2.064820172537951137e-03,1.115937881079887006e-04,4.076470539962073758e-04,1.166093886408869906e-04,7.924151385352296018e-05,6.100340270553950006e-05
4.500000000000000000e+01,1.562628135370799365e-01,4.089263904667062022e-01,4.231275780074599258e-01,5.884366916589992558e-01,9.655329140869499394e-02,-2.370759807782341078e-03,-2.680864238271851718e-03,7.218386064433701677e-05,1.428032709194226868e-04,-2.493213825109918957e-04,-9.408990145653994830e-05
4.600000000000000000e+01,9.834300871097477470e-02,4.195111553707413510e-01,-3.884442426975842078e-01,5.717329264310339054e-01,3.726740436476531915e-02,1.057333862299181249e-02,3.704826424216767222e-03,-2.696134961918117412e-03,-3.599753493288559980e-04,5.802366510609946459e-04,5.283830301960890097e-05
4.700000000000000000e+01,1.043461925726853756e-01,-1.167459993200680168e-01,5.856256046742658317e-02,1.306108795075751616e-01,3.460022541317063494e-02,2.728702409477090640e-03,7.802692454663695543e-04,-9.585883313684151474e-04,3.032360931090050116e-04,2.541435515401868628e-04,1.141589496842509988e-04
4.800000000000000000e+01,1.960976607278532846e-01,5.200033854022567681e-03,3.584275322018746213e-01,3.584652510249896618e-01,1.312115476381316426e-01,3.107035284585446533e-03,-2.405046623165874031e-03,-6.796033023198644329e-04,-1.998437543333508870e-04,4.343639164328116919e-05,-7.049109787649054937e-05
4.900000000000000000e+01,1.870756501509744374e-01,-3.373313432409874579e-02,5.144714359642259538e-01,5.155761658323824159e-01,1.308098014688770516e-01,-4.482677690433867213e-04,4.823713029478149394e-05,-6.661945445324279902e-04,1.000167344380464840e-04,-1.363566272889471520e-04,-3.149120688683559877e-05
5.000000000000000000e+01,1.552352849092809572e-01,-2.914351120769069214e-01,3.785174702105735811e-01,4.777131982747511718e-01,8.717745839179971701e-02,-4.161028732210136916e-03,4.761081077504503156e-04,3.060281346773940925e-04,-3.876304816041731272e-04,3.194928914309613788e-04,1.256029992349194657e-04
5.100000000000000000e+01,6.106115200967089651e-02,-3.370500385106167673e-02,-1.010602553367729861e-01,1.065326358133217022e-01,1.179167575383002244e-02,-1.273398874320430529e-03,-9.305461654507407587e-04,4.138690363640895598e-03,-2.400140717628840292e-04,-3.862784674270036689e-04,-2.781677219765299469e-05
5.200000000000000000e+01,1.135606164455671141e-01,1.220471304856808326e-01,-5.335959855890358705e-01,5.473757191331410921e-01,4.878457841618806523e-02,2.266935961175109426e-03,4.181812321021993739e-03,-6.398500776717552796e-04,1.798828953603059944e-04,-2.275282452828264468e-04,-1.260543196789365439e-04
5.300000000000000000e+01,1.900653364935264156e-01,2.602866398285568206e-01,4.578959882826414418e-01,5.267047284376491501e-01,1.363012935549460514e-01,2.710075581878079731e-03,8.009512518070138754e-05,-4.037319593915844607e-04,-1.654645124324893857e-04,2.755908616323132776e-04,-4.942288077458556472e-05
5.400000000000000000e+01,1.567230236176637148e-01,9.761729925362983007e-02,4.609731243468386808e-01,4.711956689992584657e-01,8.850270365960563601e-02,-2.109272541229945119e-03,8.012541904669490123e-04,1.092466614027953753e-03,-4.855678816229058725e-05,2.213160566810756791e-05,6.675867066152640916e-05
5.500000000000000000e+01,1.025832217051832335e-01,-4.652459412527333305e-01,-1.531949677590760395e-01,4.898188277300558613e-01,3.811665490473493956e-02,1.044860176424777798e-02,-5.586146319299101215e-03,-3.816672869554338376e-04,1.296564744581285566e-03,-1.242092334825528610e-04,1.679208449094637956e-04
5.600000000000000000e+01,1.629574984798514703e-01,-8.594326876588254116e-02,1.249883493988138694e-01,1.516849792550491738e-01,8.500476324209554901e-02,4.501513559643122164e-03,-8.949948201306678897e-04,-1.898773745588333561e-03,4.642016829816686396e-04,2.785823723925329176e-04,1.870196022177861295e-04
5.700000000000000000e+01,6.910377078825066799e-02,3.197869359342557782e-01,-3.110104498849124988e-01,4.460842794045039028e-01,1.679682366519792344e-02,6.447534995439818672e-03,5.574807643719204009e-03,-3.407488193320928893e-03,6.533537891035834377e-04,-5.134127554506928703e-05,6.068437095052559016e-05
5.800000000000000000e+01,7.859263406060273960e-02,5.132888104596493584e-01,9.109348521945626054e-02,5.213093381021570716e-01,2.281524128657261979e-02,4.856685776974734026e-03,-5.407025097047268858e-03,1.931469533465124400e-03,-2.807168430511985946e-04,-2.246513396021443398e-04,-2.822522018894879636e-04
5.900000000000000000e+01,1.544231675511339441e-01,-2.432697787832642233e-01,-4.590399337851720496e-01,5.195169353146762425e-01,8.883189835851107441e-02,2.570353167937744487e-03,-1.097826175294080997e-03,5.231141371730974043e-04,2.122326723885681332e-04,-6.683479787772395042e-05,-8.166301037526579876e-05
6.000000000000000000e+01,1.512197974950918455e-01,-1.939990575495186276e-01,-2.405636207032606499e-01,3.090412430986577697e-01,7.610062800394407079e-02,-2.037806994732882515e-03,1.236767799657201294e-04,-2.263330275728003826e-04,-3.214964654933982757e-04,1.062638314528463468e-04,6.710365900941539508e-05
6.100000000000000000e+01,1.915516647843781839e-01,-4.252563648391646245e-01,1.721615201781445670e-02,4.256047129984831257e-01,1.293636454483425291e-01,2.324592574380890397e-04,-1.915504475345053415e-03,6.463470043782670871e-05,-4.223896300283858096e-04,2.837659301946349188e-04,3.315119423263901410e-05
6.200000000000000000e+01,5.360198010070239133e-02,-4.760694110416602287e-01,5.422359731725003851e-01,7.215690782814088156e-01,1.308944769571620224e-02,8.801788756989781248e-03,1.084014050853898681e-03,4.443779661607694109e-03,1.651322318152681490e-03,2.772586305961333153e-04,-2.105288207369104825e-04
6.300000000000000000e+01,1.683871322379014712e-01,8.037752085847416073e-02,-3.925101715796130986e-01,4.006554388159628832e-01,9.830879175793202918e-02,1.228609717896178566e-03,-1.759193982478923779e-03,7.699416209940856959e-04,-4.765034012628177607e-04,1.228497489913493723e-05,2.106083664821234436e-04
6.400000000000000000e+01,1.575126020845592500e-01,2.065388530446372606e-01,1.574566773187655588e-01,2.597131168217349240e-01,8.131841233181438811e-02,-3.326801120023925584e-03,-2.180024766298083172e-03,9.112180618449094993e-04,-2.774305624986261876e-04,2.344408482273241390e-04,1.218613572309124038e-04
6.500000000000000000e+01,6.105746489368063523e-02,-3.586361179049727399e-01,1.051864443629336732e-01,3.737432984598734187e-01,1.264401689458751268e-02,-9.596209069686056914e-03,-7.239420776756766429e-04,2.875823778603070480e-03,-6.693132983320859708e-04,1.483160878848588382e-03,-7.464207029644898128e-04
6.600000000000000000e+01,7.280118537838056736e-02,1.272234902040877413e-01,2.774900641939841428e-01,3.052647247653928475e-01,1.751469087961505383e-02,-2.925348962547480447e-03,4.041296950255679477e-03,4.367655481685162044e-05,-2.085419911109331892e-03,3.592472746301034192e-04,-3.435388087436042071e-05
6.700000000000000000e+01,7.048151214513292961e-02,-2.650297775172772430e-01,3.053539474804318754e-01,4.043288466245511525e-01,1.709620452236287197e-02,-2.565848313898921873e-02,1.515234550707633687e-02,-2.303323466046447443e-03,-4.443551082145003051e-04,3.605790568890210324e-04,-3.391304417552643002e-04
6.800000000000000000e+01,1.851662140134255341e-01,-2.238096904237064644e-01,-3.691893434689718090e-01,4.317308754983893437e-01,1.211738413296750139e-01,6.691580556632548138e-04,-4.002265408189487061e-04,2.905805132535910218e-04,7.025640683866463121e-04,3.181743700919614781e-04,-9.869285485530898683e-05
6.900000000000000000e+01,1.732688004095322143e-01,1.201836589419701395e-01,-3.310897154025904676e-02,1.246608032748605516e-01,9.581272512203733993e-02,-3.422463769294337155e-03,1.926206644938144308e-03,1.683737924813577536e-04,3.271291236059958862e-04,-3.015354022948280033e-04,-8.745367726548103349e-05
7.000000000000000000e+01,6.612158425792209748e-02,-6.775668533753143041e-02,-1.489735436453824002e-01,1.636584404000963888e-01,1.393928889001587977e-02,-2.677678527029603295e-03,-9.558069735426943936e-05,-1.554478156920113818e-03,-2.614296889450362649e-03,9.407573400983526568e-04,-1.277836112312247252e-05
7.100000000000000000e+01,8.484672129282966324e-02,3.517937200185170532e-01,2.032292235115737977e-01,4.062769237030131597e-01,2.482066646008290051e-02,-4.443095085955306445e-04,1.422972588186910414e-03,1.326307093501011281e-04,1.258339076863901340e-04,-8.800068746768197059e-04,1.296552002088002808e-04
7.200000000000000000e+01,1.778078498694162790e-01,4.555707392932701882e-01,-1.537338430547638968e-01,4.808105583289571938e-01,1.150399437858042884e-01,-4.374454794629056842e-03,-1.402321370916004284e-03,3.930256507014284750e-04,-3.102179670944060774e-05,2.311628223521378089e-04,-3.755345410849653121e-05
7.300000000000000000e+01,1.200175279766395320e-01,4.582077506119146548e-01,2.555290521567550321e-01,5.246422011399389795e-01,5.357924550355826904e-02,1.513270050987003401e-03,1.143598146106539204e-03,-3.704840819009902475e-04,-5.843465199228958795e-04,1.738538711801851377e-04,-2.122314707060368733e-04
7.400000000000000000e+01,1.755415604643606464e-01,3.642965853047943625e-01,2.704987203200696078e-01,4.537417324420672804e-01,1.101539386397650533e-01,2.239905650051943198e-03,-1.228791535231921195e-03,-8.594753054158577044e-04,4.779177428959613394e-04,-3.951039255878363576e-06,8.867604808582285614e-05
7.500000000000000000e+01,1.832734830367250822e-01,1.859570870483941984e-01,-2.031312065518643406e-01,2.753948534354631605e-01,1.109152339790364095e-01,3.551996419835612429e-03,4.646330540514220786e-05,1.330985370922022071e-04,4.961088659438672721e-05,-9.537613942312006543e-05,-8.123381396551998535e-05
7.600000000000000000e+01,1.292423660085489645e-01,-3.867868497296764740e-01,3.925066641504662002e-01,5.510585708673210181e-01,6.352829753727026740e-02,4.929737294436797868e-04,3.708277125762382553e-04,6.632852346213358175e-04,-8.801646399214657635e-04,-1.233733450204388404e-04,1.268441703530243103e-04
7.700000000000000000e+01,7.551177524222997539e-02,1.091743864442229484e-01,5.076875308546013876e-02,1.204014657108664482e-01,1.807147876115913765e-02,-1.752120154887337744e-02,-2.250712213195393829e-03,-4.065960414221914121e-03,-5.583351692168836422e-04,7.785577189285408650e-04,-2.469980707318075730e-04
7.800000000000000000e+01,1.437411442501975445e-01,-1.216847579801489942e-01,1.615052191640986567e-01,2.022155190432499139e-01,6.666388597459492471e-02,-9.632984403895594738e-05,1.444468381966546033e-03,-1.043210466937560810e-03,2.756934731480420453e-04,-2.722790985844047995e-04,-9.467822168063300126e-05
7.900000000000000000e+01,1.540976814719743071e-01,1.208863894887055590e-01,3.293506483814581109e-01,3.508352444565708828e-01,8.033053586233437904e-02,-1.341383507124382923e-02,3.269383893695909649e-04,-1.099625288020544822e-03,-1.070469140304619593e-03,-9.740024371340805232e-05,8.486397179519045153e-05
8.000000000000000000e+01,1.280037885806972198e-01,-5.251284793001032014e-02,-3.015543624028837466e-01,3.060925230742007619e-01,5.435596482093199566e-02,4.311176502532099164e-03,6.004115877289439851e-04,-8.829803464170948857e-04,3.887811999880863567e-04,9.921741828833319232e-05,-3.464352210653665054e-04
8.100000000000000000e+01,8.437275049950598849e-02,2.761988871950786795e-01,2.767776494577633972e-01,3.910136730693241636e-01,2.436411230113591161e-02,1.067037282205207660e-02,3.854202606175416435e-03,6.378657116761221602e-04,-1.831405515763107061e-04,-7.157808761704131939e-05,-5.003935510949908405e-05
8.200000000000000000e+01,1.296824184814739378e-01,4.824948093023015971e-01,-1.906298603759104537e-02,4.828712441638389752e-01,6.082647583437268690e-02,-7.268127261721435417e-04,2.039945466348225267e-03,-1.353627510083166285e-03,9.190930360025717505e-05,1.382809970253973120e-04,-7.151101280034044549e-05
8.300000000000000000e+01,1.213917305150490344e-01,-3.418516217831200632e-01,-4.862978658361784001e-01,5.944309426944152097e-01,5.818608113964827272e-02,-2.715481785646733925e-04,2.842593334697829377e-03,-1.969062773201968319e-03,-3.343150667318717240e-04,-2.587296277564155034e-04,-5.268158510640663650e-05
8.400000000000000000e+01,1.567430868321376403e-01,4.866463982449913406e-01,2.514454433566696290e-01,5.477677682281560934e-01,9.364552660764946523e-02,-3.231181183704912030e-04,-3.710158533270280223e-03,-2.036585152929037967e-03,-3.260936220520482820e-04,1.868130426665448596e-04,-1.216010799665045994e-04
8.500000000000000000e+01,1.053232275043925470e-01,1.070872083732361535e-01,8.967878029338338663e-02,1.396780363266960645e-01,3.529778728929418297e-02,1.313608816415623437e-03,-4.033387967457557899e-03,-2.593028847640566070e-04,-4.126035112422821172e-04,2.331249284526215604e-04,1.521205542633907726e-04
8.600000000000000000e+01,1.904849125211441341e-01,-1.588526528565098461e-01,-4.740689197909984109e-01,4.999755054313710367e-01,1.341424006284558934e-01,1.700374402238358229e-03,-4.957169246235793025e-04,1.944926402553059930e-03,-2.412365026660534539e-04,-2.459925743564239653e-04,-6.993105215680195386e-06
8.700000000000000000e+01,7.973360462592235520e-02,1.927341912501129295e-01,4.084887365245550850e-01,4.516741262727614892e-01,2.244846124583652069e-02,1.154271633821379872e-02,4.600283308189290210e-03,-1.818300323466415236e-03,-1.815888490825035007e-03,8.518501486931562283e-05,-7.889093961659376930e-04
8.800000000000000000e+01,1.258958951097775558e-01,4.461990961670243561e-01,-4.001274297682502201e-01,5.993292863470093268e-01,6.293683169640315600e-02,4.223731563047561366e-03,2.558515067729194570e-03,2.268122205294931248e-03,3.059594184855463084e-04,8.228248653709968607e-04,2.441833384192459988e-04
8.900000000000000000e+01,6.126990423091754900e-02,7.218852534216901873e-02,-4.358363687979413537e-01,4.417742902863996401e-01,1.316690570293707965e-02,8.883589684414383569e-03,9.192994074600280285e-03,3.076991091321978899e-05,2.057962378785749280e-03,7.005823530932264731e-04,-4.574835424938639150e-04
9.000000000000000000e+01,6.011355807264044671e-02,3.864545006663937521e-01,4.542830229104775075e-01,5.964227913066310061e-01,1.418006174723677841e-02,4.070754573148205324e-03,-1.026476056523506486e-03,1.015558359158674762e-03,3.909230577201494583e-04,-3.768952398286451455e-06,8.743930028876079064e-05
9.100000000000000000e+01,1.097503326647353145e-01,-2.912200042632446251e-01,-3.151986609279068263e-01,4.291378411813968619e-01,4.210440756150533176e-02,-1.163038886098710645e-02,5.624895135152518932e-03,-2.331600189241722632e-03,4.905680901454712028e-04,-3.576861038858680786e-04,1.686708022075045221e-04
9.200000000000000000e+01,1.041457138742526434e-01,1.087638319451675883e-01,3.934353177294436232e-02,1.156610765632299503e-01,3.440173697688687915e-02,-1.394026105640910895e-02,3.436067873763271052e-03,-8.265700036875767154e-04,1.016327690219753777e-03,1.243624192204251244e-04,9.654053828844766372e-05
9.300000000000000000e+01,1.033023771759044585e-01,1.943426125932276038e-01,2.485727002257235307e-01,3.155272387085919505e-01,3.545295127730811041e-02,-8.626042630824892754e-04,-3.661651980802482775e-03,-4.963216575615270187e-05,-2.837024336745930242e-04,1.406582497747166371e-04,2.007694313022057031e-04
9.400000000000000000e+01,1.337418421962551784e-01,-1.593890596820516370e-01,1.752249946340799225e-01,2.368726896263939341e-01,5.814127043845501719e-02,1.832673913337856675e-04,-2.603623208673688794e-03,1.079124919568519303e-03,1.001475089537073870e-04,2.646977929436911126e-04,-9.120349864566446030e-05
9.500000000000000000e+01,1.387854174821165909e-01,-2.258161664796821677e-01,-2.783157969515153152e-01,3.584028792801986496e-01,6.526218196611882627e-02,-3.668799062079508566e-03,-2.261567005621412108e-04,-3.564652992332772996e-04,-7.364159417765359095e-04,-1.430513390394683171e-04,-9.410164760748074286e-07
9.600000000000000000e+01,1.318623318528930055e-01,1.588752109169957460e-01,1.566926550129889018e-01,2.231455148080271067e-01,5.631752117138384695e-02,1.500435212697048826e-03,1.237865608102906023e-03,-4.429722288665782770e-04,1.505497963649737869e-04,-1.753191871854964390e-04,-7.230163704563530302e-05
9.700000000000000000e+01,5.181521235082890697e-02,-2.402973216815751378e-02,-4.487126283887465372e-01,4.493555951622397737e-01,9.452495791324941332e-03,8.227743181326463429e-03,5.241544963721089800e-03,-2.616981660356398898e-03,7.821951506290503175e-04,5.128107972720563623e-04,-4.459338953105573822e-04
9.800000000000000000e+01,1.405804486611129112e-01,2.143999648426864191e-02,4.705340950371310615e-01,4.710223010024656154e-01,7.103798268789429660e-02,-3.038033169448173254e-03,-1.227867992898534766e-03,5.435094547743268834e-04,-7.759693223379215965e-04,-1.132168844482084324e-04,3.190626075366687076e-05
9.900000000000000000e+01,1.159549174948297096e-01,3.868669281466414755e-01,1.326471494040637467e-03,3.868692022121212326e-01,4.603903887434644682e-02,-3.590316650161740064e-03,-1.147715748574862360e-03,2.665827439176648994e-04,1.589244343966900175e-04,-4.762691340054470146e-05,6.557947956720155958e-05
1.000000000000000000e+02,7.750343646576914047e-02,-2.886030206755272332e-01,1.052327184275527738e-01,3.071898900854183601e-01,1.986785570620333563e-02,6.928651417878795016e-03,-2.326509403031695733e-03,4.340342481887971005e-03,9.456819864763765793e-04,-3.614310875575954540e-04,6.153462798175191040e-05
1.010000000000000000e+02,1.643295757788829636e-01,1.614427647707301627e-01,-2.486945803256702114e-01,2.965008610108553211e-01,8.959851669210514014e-02,-1.698219246812571193e-03,-1.182534215220520935e-04,2.477908268142980930e-03,-1.886662199183097854e-04,3.767895732718073987e-04,1.617511078801925350e-04
1.020000000000000000e+02,1.664047478667171065e-01,4.675834683934849689e-01,-3.400491980259859881e-01,5.781589374843195683e-01,1.086776045118179185e-01,-4.454180280514252743e-04,1.795097681548840640e-03,-1.173271105614603904e-03,3.766916664060815378e-04,-1.928136700228844091e-04,-2.066033768308717100e-04
1.030000000000000000e+02,7.284424442732209681e-02,-4.252484898934534296e-01,-9.579180606933568320e-02,4.359040585572561133e-01,1.856381839642182174e-02,3.814427538111297977e-02,-2.235508224633586671e-03,-3.046438246158689189e-03,4.863446298213336405e-04,-1.002733282621459665e-03,5.348840453223147051e-05
1.040000000000000000e+02,1.268223679431350615e-01,-4.318876022590397712e-01,3.959016918474822511e-01,5.858882577699960903e-01,6.305612966528151286e-02,-2.216902452907065779e-03,-5.159885331040836576e-04,-3.253117251079129524e-03,-4.250176598212807022e-04,1.990157745734855155e-04,2.784870329495259256e-04
1.050000000000000000e+02,1.802646731625844878e-01,-2.602082445468981153e-01,1.140449642239038663e-02,2.604580447381624753e-01,1.067817032956121931e-01,3.101728783225121688e-03,9.679221657266090517e-05,2.228802839114862877e-04,-2.042684598676514085e-04,1.537131102364863722e-04,4.239399967209678266e-05
1.060000000000000000e+02,1.391561903769138464e-01,3.144902295491580624e-01,-4.985492360051917426e-01,5.894535140307863852e-01,7.635765970724139873e-02,-5.723879011697019514e-03,-1.162065795012545699e-03,1.054813800846154948e-03,2.736076309244328542e-04,-5.667125547959006582e-05,6.392991138093329084e-05
1.070000000000000000e+02,9.213065921047347562e-02,3.262675482637442670e-01,9.643849572224116873e-02,3.402218342599478418e-01,2.843967975325612657e-02,4.914441469203723045e-03,-1.345767453070023656e-03,-1.185466236582666255e-03,2.324843835852519192e-04,2.632932283326283596e-04,-2.020488862242153516e-05
1.080000000000000000e+02,1.849918690158423029e-01,-7.373941163986752478e-02,-1.320693811045701160e-01,1.512607756635473977e-01,1.097678967103608710e-01,-1.050724586268092509e-03,-3.672749176092393597e-04,2.603278241326556497e-04,-1.851784232687059273e-05,-7.071143566061977026e-05,8.938387590040619557e-05
1.090000000000000000e+02,9.597608262960533043e-02,-3.798965509770520499e-01,2.132157953716801169e-01,4.356401781748764357e-01,3.227431689974893242e-02,9.050424169760651338e-03,-1.310067129417835652e-03,-1.339577513377543383e-03,-4.147690926610270168e-04,-1.306431195958746017e-04,2.203635868678333054e-04
1.100000000000000000e+02,8.970290027340432903e-02,5.123349546091717777e-01,-3.243521494208165268e-01,6.063756447519027537e-01,3.198349084460785918e-02,-6.982951234143941477e-03,-3.127413141817192432e-03,2.108736233602304111e-03,2.194468604539423495e-03,7.512338587556399716e-05,5.156018201946110935e-05
1.110000000000000000e+02,1.510039446837721788e-01,9.642693821620096362e-02,1.816681741664963878e-01,2.056732357861360272e-01,7.367123968139012435e-02,-1.900065397688832647e-03,7.369668724939160143e-04,-1.153778864103172097e-03,-5.882726691254225315e-04,9.633917537610336979e-05,-1.298249079229041314e-04
1.120000000000000000e+02,6.828533320029595011e-02,-5.990056811094843781e-01,4.840997783432354762e-02,6.009586774108157670e-01,1.839005485014817698e-02,1.754822077336726238e-02,-8.020464431292562146e-03,-2.211717533506241118e-03,1.973383605301082255e-03,2.583772447868337707e-04,2.033213323591187560e-04
1.130000000000000000e+02,1.061910457602286695e-01,-3.789530708002342152e-02,-4.008895217317828830e-01,4.026766232760810027e-01,3.887270267960043352e-02,-7.012842391624918292e-04,3.331738255137883797e-03,-9.332549169512871501e-04,6.070982045220940648e-04,2.633573126258337282e-04,-2.353535161422337652e-04
1.140000000000000000e+02,1.033859329275935851e-01,-3.920321114816394115e-01,-3.085416509500515381e-01,4.988858855527343872e-01,3.895489971967994181e-02,-8.286456298940425569e-03,2.975352403506104082e-03,-3.142128820659562116e-03,-3.723432554934014149e-04,5.238781722971541654e-04,2.891957461503835702e-06
1.150000000000000000e+02,1.890306591092887345e-01,-1.171317202632274901e-01,-1.614113480113396060e-01,1.994328537595066453e-01,1.157153168470838878e-01,4.031711428196249614e-03,4.190564510941907628e-03,4.931882977874391116e-04,-8.753927687732421248e-06,-2.998631697472831092e-04,-8.700202306621829251e-05
1.160000000000000000e+02,1.416761678651261569e-01,2.321316399668382768e-01,2.266652635670324267e-01,3.244414276593020063e-01,6.711157843049357641e-02,-2.620265881023042809e-03,1.236823149894261675e-03,-1.771423607619393437e-04,8.550536587399459876e-04,-5.042832784660777889e-04,-2.451001608050340508e-05
1.170000000000000000e+02,6.271384508360208776e-02,1.158277380641917764e-01,3.336463546596009078e-01,3.531797770013272442e-01,1.322516004020845432e-02,1.963980621640026847e-02,5.179330359318612409e-03,1.902112956928991849e-03,-1.360627883957299389e-04,-1.311746699355076373e-04,3.225256076380134118e-04
1.180000000000000000e+02,1.693352549215174641e-01,1.252063398271889838e-01,-5.224485913507037615e-01,5.372421782932313983e-01,1.086249280408857487e-01,-1.248678185041374178e-03,-2.266449862473152166e-03,5.366566164497488245e-04,-3.701304649614822750e-04,4.146574075325482056e-05,6.938182309457197050e-05
1.190000000000000000e+02,6.256104858451685957e-02,-2.502398670215842391e-01,6.046594670588585352e-01,6.543951880560270329e-01,1.632083078105683871e-02,1.693455392301368434e-02,3.803938778133897358e-03,-2.691502250904642679e-03,-1.441011088073707036e-03,1.036630282852168961e-03,-8.253497708721191373e-05
1.200000000000000000e+02,1.208926293250223716e-01,5.592845630528819889e-01,-5.702822797896012208e-02,5.621845259838386122e-01,5.603467506594547731e-02,2.028473363324012624e-03,3.704766364646339127e-03,1.799912613607235201e-03,-1.039862778022815348e-04,-7.524814421351333493e-04,2.861735711203738930e-04
1.210000000000000000e+02,1.632677159840190684e-01,-2.103334985050286932e-02,2.951495686156124787e-01,2.958980730926036307e-01,8.841632641926845670e-02,-5.177662302427998853e-04,9.895472373497860019e-04,9.397536414690321749e-04,-7.896455890059606020e-04,1.666486364197972136e-04,-1.171143340342739592e-04
1.220000000000000000e+02,9.757689150007695100e-02,5.513527433331886218e-01,-3.313388267473090232e-01,6.432536557931997079e-01,3.940271706210710101e-02,1.056270421013505434e-02,-1.178175920491264517e-02,7.695392812558932150e-04,6.742770538206155351e-04,-4.156146909642943754e-04,-2.669940161926787070e-04
1.230000000000000000e+02,5.092652431764172621e-02,3.127756542593451705e-01,2.497564270961051269e-01,4.002585199257768789e-01,8.899875436555534577e-03,6.408591785378447980e-03,1.584062639705607900e-02,-8.469524918588655638e-03,4.151167865279914437e-03,-5.372500945299840680e-05,2.848064532865457466e-04
1.240000000000000000e+02,1.485352174888515675e-01,2.650448380636913903e-01,1.219960171697533902e-01,2.917735327090021924e-01,7.297116319684480990e-02,1.198642765993351844e-03,-1.346249414759359553e-03,9.800666315868955536e-04,5.196418224271415198e-04,3.041250026658559591e-05,-2.233235768541730337e-04
1.250000000000000000e+02,7.742643184320510685e-02,-1.118948324493270752e-01,-1.720116718259232513e-01,2.052034813866765450e-01,1.927509442060802020e-02,3.617005589613864203e-03,-4.507690856906831911e-03,-2.108042566210444058e-03,-3.120338353157059430e-03,-1.026338524470760127e-03,-7.104113004001710863e-04
1.260000000000000000e+02,6.784477436217764557e-02,-1.032975469950170311e-01,1.748211824753097554e-01,2.030586837770138320e-01,1.478707081415853164e-02,-1.801353997098775750e-02,4.776306542885633277e-03,4.389439318815524516e-03,-2.638897110531779333e-04,-9.669822917113268801e-05,2.449964005903915165e-04
1.270000000000000000e+02,1.066195147298651114e-01,2.948627970118464781e-01,-3.805336220509747402e-01,4.814040990403836151e-01,4.096701607117026606e-02,8.165939883759909534e-03,9.171877158717922640e-04,1.769364011410479165e-03,3.079551478459841007e-04,-5.235637957460292924e-04,1.180793745503283532e-04
1.280000000000000000e+02,7.157379084063852925e-02,3.519975357481717193e-01,2.386176094633454259e-01,4.252536051802348616e-01,1.781892724483984808e-02,-5.781267465297057484e-03,1.700574407904831276e-03,2.601103723254283295e-05,-8.467009484209864212e-04,1.108441528709480650e-03,-3.082687684098361913e-04
1.290000000000000000e+02,1.144056039942143860e-01,-5.136886321083937723e-01,2.314837640989818590e-01,5.634365481567784606e-01,5.018670249039759723e-02,2.016152959698036540e-03,-3.804720321576304798e-06,1.418159946595887178e-03,-3.590972090709021458e-04,-1.126867683406418408e-04,7.771809339507385062e-05
1.300000000000000000e+02,1.624933624889321471e-01,-4.752568575686110242e-01,2.677130837474501757e-01,5.454717003434369493e-01,1.005654486574906192e-01,1.321045350678229369e-03,2.831325701407649831e-03,-1.032311345300351846e-04,1.224009001421499931e-05,-4.392767638811134745e-04,5.713634092563424360e-05
1.310000000000000000e+02,7.772360217175974806e-02,-3.650043186119216743e-01,3.282108014583688949e-01,4.908670724333605850e-01,2.184765500153802026e-02,1.122242866627765068e-03,1.336506855439023589e-02,1.935634630120475208e-03,5.923860737679920163e-04,3.053034213087446602e-04,5.228494709563769050e-04
1.320000000000000000e+02,1.289252045752432574e-01,-5.038078131022094563e-02,-3.923971154147590790e-01,3.956181483593138593e-01,5.722127884384305141e-02,3.615118577356080110e-03,4.623682087565805787e-03,9.462519357432697120e-04,-1.089864179824373558e-03,5.072306254811920212e-04,-1.504059048187400549e-04
1.330000000000000000e+02,1.709540479362464394e-01,-6.922933966460353972e-02,5.329007536418994828e-01,5.373787441856083813e-01,1.107615704039622007e-01,-2.379256902131032803e-03,7.448470396673734228e-04,-5.625308523453664833e-04,-5.002528789380678020e-04,-1.177872002771085391e-04,1.024959122619684138e-04
1.340000000000000000e+02,1.402496156348384260e-01,4.094779666410734986e-01,-4.420785309770777771e-01,6.025824696382722223e-01,7.859298022239370740e-02,1.050778956715792134e-03,2.388871535716097227e-03,-1.487215760308968626e-03,4.335683294665049203e-04,-2.469555162945002991e-04,-1.810944025723015827e-04
1.350000000000000000e+02,9.743328015147001420e-02,-1.743639737020005187e-01,-8.203561714160589879e-03,1.745568496219783716e-01,3.036699298160022709e-02,5.941653018889381244e-03,-1.652534814015949038e-03,-1.561707484282193192e-03,-1.322235733124843549e-03,-5.681725690679373386e-04,2.051513723233533426e-04
1.360000000000000000e+02,1.208700536716295765e-01,4.560360134594714232e-01,-4.621783820819265198e-01,6.492901527328706068e-01,6.118165894391931758e-02,-2.661386743792570897e-03,1.281021714542696088e-03,2.277977857183755006e-03,7.111095994432048428e-04,6.922137852249932166e-05,2.361621913138378659e-04
1.370000000000000000e+02,5.140855544317735060e-02,-2.930915566001188188e-01,-1.403680955680869369e-01,3.249705568258334232e-01,8.786875393172124613e-03,-1.261505609959912011e-02,6.920977973402520078e-03,-2.112522315281251117e-03,5.992040225264450015e-04,3.652673249998628080e-04,-5.691987435419987307e-04
1.380000000000000000e+02,1.213137430381593246e-01,-5.234378810591823195e-01,-1.893910437467732910e-01,5.566472696234293638e-01,5.616456795022398141e-02,-9.011961168100546260e-04,3.704230052691492858e-03,5.726180070728670302e-04,9.608759237353936555e-04,2.221783632616602944e-04,2.788042750208052922e-04
1.390000000000000000e+02,1.071352110621366094e-01,-3.626432478381280688e-01,-2.908135630251715287e-01,4.648469142007736199e-01,4.094043389364194346e-02,-3.860642152498594548e-03,2.285364858110039421e-04,1.539589785996220428e-03,-6.612685527304096311e-04,-1.320870026807474673e-04,-2.641893909922643502e-04
1.400000000000000000e+02,5.417238592959039423e-02,2.346811580337186953e-01,-3.956507225354937152e-01,4.600160216545783332e-01,1.039692851817061378e-02,1.986474785165714962e-02,-2.431913727763301836e-03,-1.425584459915585356e-03,3.807773028390748493e-03,7.443856527666881107e-05,-3.952889182179397665e-05
1.410000000000000000e+02,1.364630271939573092e-01,4.177107948389220393e-01,-2.378510372355285285e-01,4.806822485166066805e-01,6.731704325468843009e-02,-3.866015020180690875e-03,1.272563820819971880e-04,9.622059738290111852e-05,-2.473027160138085989e-04,2.484028582123709583e-04,1.686330317771655984e-04
1.420000000000000000e+02,8.685162390636302909e-02,3.187758810095586703e-01,-3.408566759886721975e-02,3.205930364949943212e-01,2.508019433627213524e-02,-4.106612421139299585e-03,1.125391788683383076e-02,3.349308849051269021e-03,5.474242230991688274e-04,1.655222930627697764e-04,4.806686071465726684e-04
1.430000000000000000e+02,7.238152190739509384e-02,-5.834407100976053417e-01,3.354054966655051206e-01,6.729783870174673721e-01,2.237369693813974839e-02,2.018909287646963868e-02,-8.591813362658351494e-03,2.637990588257643765e-03,1.834760857022388336e-05,1.515810250418692107e-04,6.671049468685019690e-04
1.440000000000000000e+02,7.301818495469708514e-02,-3.879790082923069150e-01,-6.572714647295063717e-02,3.935070122106576473e-01,1.825665676794032896e-02,-2.856982929011042671e-03,2.852501244468230723e-03,1.552772486334008661e-03,-8.826305027380687562e-04,4.503414088075086141e-04,4.850088385388584555e-04
1.450000000000000000e+02,1.777786060408420576e-01,2.124112267502691331e-01,-3.193195837661009784e-01,3.835147009256753559e-01,1.088036553506349924e-01,2.220853113605869567e-04,-6.995272138839991882e-04,-5.033082746643824379e-04,7.813188837202389436e-05,2.574419880014833240e-04,-4.602690801025488554e-05
1.460000000000000000e+02,1.577331897639752678e-01,-1.435731630868134490e-01,-1.401050076910270725e-03,1.435799989555326117e-01,7.950501938221730958e-02,-7.171949336165495126e-04,6.706973666448234894e-04,1.584713604522169916e-03,4.782944520156373613e-04,3.067537677292619946e-05,-2.461782551196334268e-04
1.470000000000000000e+02,1.342380056112715270e-01,1.376675010999810489e-01,5.069155562304636931e-01,5.252768051299749885e-01,6.719778937860099166e-02,4.844044379612055806e-03,7.923636937845479622e-04,-1.683992514250887140e-03,2.786411560840029722e-05,1.123249122734204519e-04,7.174336991488949877e-05
1.480000000000000000e+02,1.199999809528414924e-01,4.665367239264497368e-01,3.379484522380826750e-02,4.677591328191524900e-01,5.152467120859573896e-02,-7.226633772522861321e-03,2.653009163851027807e-04,-6.977466650681662941e-06,-2.045677029162140670e-04,-3.405890595616911654e-04,-2.561316435581995066e-04
1.490000000000000000e+02,6.866428973515241452e-02,1.643906597840765205e-01,-3.235626122183578035e-01,3.629284406736559276e-01,1.592235104637007917e-02,-1.386093375250030402e-02,-8.517425915654075474e-03,-4.604408859575914725e-03,3.050786272427163937e-04,-2.756211781231865388e-04,1.430958210717481194e-04
1.500000000000000000e+02,1.077728486339408764e-01,-4.612766162828278449e-01,3.707667215699095298e-01,5.918142263861472241e-01,4.564341568895151358e-02,1.396384217767909774e-02,-7.815789234782988260e-04,8.780094050582221143e-04,-2.573563461506611638e-03,8.981127865272942046e-04,-3.335906456725101776e-05
1.510000000000000000e+02,1.781746555468320947e-01,-5.192926764463301481e-01,2.380819589339133735e-02,5.198381613564850845e-01,1.188254511444296752e-01,-1.212628114873881557e-04,-9.704164361673539574e-04,2.607021393918884655e-04,-1.395505303322108759e-04,8.706228668309279328e-05,-3.097378945460249611e-05
1.520000000000000000e+02,1.092519394996380594e-01,4.101435959843928725e-01,-4.950836387932633365e-02,4.131208629699263390e-01,4.137229401096649550e-02,2.688630681176196191e-03,4.249181970713555856e-03,-2.112658561589375594e-04,-1.028193413756817165e-04,-1.842381996564057545e-05,-2.383628158117989670e-04
1.530000000000000000e+02,7.740029770862132119e-02,3.989228613591697670e-01,-3.228380829042233335e-01,5.131899035330503844e-01,2.199759365951814427e-02,1.540712443724023828e-02,2.757507923109692172e-03,-4.073105254760123195e-03,9.103238823484627318e-04,-4.791773180087277595e-04,-7.045849636699852425e-05
1.540000000000000000e+02,1.348632096252583845e-01,2.064965062933051820e-01,-4.247204946090872846e-01,4.722587274496139464e-01,6.537931331326385376e-02,1.154650354364017417e-03,-8.596153832423070185e-04,3.222206681829931085e-05,2.129029903867873941e-04,1.302149652366857424e-04,-2.240938517830137755e-04
1.550000000000000000e+02,6.855578824392155601e-02,4.921030873714076215e-01,-3.420555490113188490e-01,5.993058044186674316e-01,1.850735678391426248e-02,2.951278498638787440e-02,-2.494687448512999950e-03,-7.464427285830410597e-06,-3.360352164718860557e-03,2.377776491455652064e-04,-7.955822668535006414e-04
1.560000000000000000e+02,8.709271105824892278e-02,3.855377400365240792e-01,3.639648483150741409e-01,5.301978496764064852e-01,2.822397143931927588e-02,7.403397394981636737e-03,-1.001068804130089696e-03,-1.179499708251485757e-04,3.706667459735246695e-04,5.230633667554496213e-04,-1.229442300132443933e-05
1.570000000000000000e+02,1.204735811409809315e-01,-2.462380456604324475e-01,3.313543071327074152e-01,4.128302944141403752e-01,5.035259882524645292e-02,1.353984561791587993e-04,3.392896999554473325e-04,-1.256891358400680225e-03,-3.133070941502280604e-04,5.311626976056693650e-05,-1.511751648475279097e-05
1.580000000000000000e+02,1.767714621437302402e-01,-2.510784045076062121e-01,-4.881701781452312816e-01,5.489539944662320536e-01,1.197372830089975942e-01,-2.363142850672628192e-03,1.092495178296459812e-03,5.820332894379554034e-05,-1.688865979461162681e-04,1.973176996259429217e-04,1.723426056623456049e-04
1.590000000000000000e+02,1.661978352897505729e-01,-4.287002943611998296e-01,-2.889418662616380362e-01,5.169829247316952703e-01,1.029179755081642833e-01,1.988802731103245236e-04,1.692688536002684430e-03,-1.518439165036911120e-04,-2.062270319092007753e-05,3.651906144241934271e-05,-4.979216885070414378e-05
1.600000000000000000e+02,1.393332282261499078e-01,-2.039894675123378187e-01,3.340850664040397877e-01,3.914390558569224021e-01,6.677103764757291726e-02,-8.182112917219375170e-03,-1.425267787802941832e-03,1.218458975891234530e-03,-8.348990371548348222e-04,5.771392007569708937e-05,-3.595760800561009773e-04
1.610000000000000000e+02,1.388544304015990605e-01,-4.143240529250690751e-01,1.557183622241726795e-01,4.426201861257957337e-01,6.811414713989429048e-02,-1.120644647586110931e-02,2.189889041086079402e-03,3.685480713081945581e-03,-5.153622116537137643e-04,4.195572202516650862e-04,-1.290812697352095029e-05
1.620000000000000000e+02,5.210886277233678365e-02,-5.490715052194186097e-01,-4.791244998737592686e-01,7.287247794765853159e-01,1.250607152741523877e-02,8.269591154636213304e-03,1.723618333261112134e-02,2.782216832758255265e-03,-9.977507379350658567e-04,-1.230476628170107389e-03,-2.064248230263521222e-04
1.630000000000000000e+02,8.592634332083920468e-02,-3.243660726461531363e-01,-1.758683095728056367e-01,3.689756243925683687e-01,2.502274850465169981e-02,4.673763494809080044e-03,2.305213111558623851e-03,-7.868975179609050130e-04,-3.537899308847514135e-04,4.004968472379744071e-04,-6.222962941915266555e-05
1.640000000000000000e+02,1.911108073592663326e-01,-2.095591144003881579e-01,-9.739284875735665370e-02,2.310852427511292106e-01,1.191967041773761699e-01,5.072459073014456976e-04,-8.980214691469701194e-04,-1.229611123556462182e-03,-2.025535757840257745e-04,8.138925509770800204e-05,6.761870427562932662e-05
1.650000000000000000e+02,6.253061314844476914e-02,2.234208445490752926e-01,3.063256165525756192e-01,3.791467488128280050e-01,1.329407047265655090e-02,2.577203743931355540e-02,7.637621836303898348e-03,4.023044239670481304e-03,2.624763380878247787e-03,-7.997482369138664282e-04,5.840527462712685747e-04
1.660000000000000000e+02,1.058361536292528465e-01,-4.081630274649716839e-01,-1.283378285018607068e-01,4.278640616059547486e-01,3.911413026113197411e-02,-1.167876604278339503e-02,5.588691325837391588e-03,-1.313785214180129834e-03,-2.193780527162125793e-04,-5.447732960892626153e-04,-1.347946479824946309e-04
1.670000000000000000e+02,1.431363347629927008e-01,-4.328653893237029426e-01,2.657512647152209251e-01,5.079332436178010113e-01,7.553080668988555735e-02,3.490443134531284741e-03,5.114548712836786137e-04,-2.223240053405017846e-04,6.027863903854679961e-04,-1.873343536200611226e-04,-2.760821579583794261e-05
1.680000000000000000e+02,9.902716963187133126e-02,9.960493165301098628e-02,2.164499371812838024e-01,2.382681634532458903e-01,3.181170437900782133e-02,6.111343784446221505e-03,-1.262919041488674843e-03,1.622020616409702853e-03,4.265749061187484870e-04,1.369280217560220336e-04,-3.467292424943480000e-04
1.690000000000000000e+02,5.237789588410612235e-02,-1.824425837841440190e-01,-2.343175607305960084e-01,2.969680380858703561e-01,9.033758070938334439e-03,2.078872417034971498e-02,6.792359324986119162e-03,-3.553340442551844447e-03,-1.649044326209270217e-03,-4.858815458124166042e-04,6.005486065057130673e-04
1.700000000000000000e+02,1.108374530033824218e-01,5.221187596379188722e-01,-8.724985156697273592e-02,5.293586079061127769e-01,4.580437330206208607e-02,-3.632210155971593579e-04,6.466162341940417946e-04,2.750240428049055552e-03,1.571498729282527762e-04,8.302096115309076652e-05,1.154388628257230209e-04
1.710000000000000000e+02,1.824617002243996700e-01,1.068294705128981503e-01,-1.066066781863874713e-01,1.509222303174789226e-01,1.067528913270264224e-01,1.141656136616875372e-03,-4.024507617964245831e-03,5.619923748227950711e-04,2.090285910023581550e-04,-1.943555489142267945e-04,4.936601070171242611e-05
1.720000000000000000e+02,8.784546314866187311e-02,4.576591031676944255e-01,2.039303282614570723e-01,5.010383553153231473e-01,2.812259659630034561e-02,2.233622535126267294e-03,5.030222277985663126e-03,3.074691592635847570e-03,1.749818918362233688e-03,1.090561877263862556e-04,-5.595729690566209058e-05
1.730000000000000000e+02,1.863607944273957817e-01,-1.366249977716655906e-01,4.529836269190761211e-01,4.731390453903253634e-01,1.259258531995488262e-01,1.949796094335987107e-03,1.396747765620709458e-04,-4.658048056135344339e-04,5.765511659650002230e-06,-3.640680840988341771e-05,-7.116457653688623708e-05
1.740000000000000000e+02,1.346198090026790584e-01,-4.366147272606961116e-01,3.771151535737915506e-01,5.769300296534376482e-01,7.056233391991201254e-02,2.919606002550256818e-03,1.865962566452550320e-03,-2.470348950504130947e-03,-6.105941324718866525e-04,1.433025269792498335e-04,-1.809892244097888181e-05
1.750000000000000000e+02,1.219063544644182484e-01,6.940951548280949179e-02,-2.921648449659173252e-01,3.002964826192889292e-01,4.917894659314432648e-02,-4.005003891515479530e-03,-1.581290620568553962e-03,1.297915573892804986e-03,3.779591320780539832e-04,8.467140362355962679e-05,-1.932001970049723738e-04
1.760000000000000000e+02,1.861248385064201427e-01,3.572975488856378057e-01,-6.191041676622766055e-03,3.573511822237704361e-01,1.179815173394233585e-01,-3.454933484122735265e-04,2.264609403818562683e-03,-2.359382239508489576e-04,4.311983030311772325e-04,5.223067944681858421e-05,-1.066945740757496708e-06
1.770000000000000000e+02,1.651078875973325255e-01,-2.451451003154764829e-01,5.042685212912811910e-01,5.606985480398360977e-01,1.052576817865983477e-01,5.427832483425376608e-03,1.641435446546379850e-03,1.201067685637324800e-03,-2.628953731403926852e-04,-7.215681783345750944e-05,-1.622161027725610438e-05
1.780000000000000000e+02,5.002850024110153115e-02,1.868461948801218853e-01,-2.813945846842203502e-01,3.377786447228204314e-01,8.360990097589168085e-03,4.381928598325535162e-03,1.265890453529361359e-02,-8.724644361189914932e-04,2.018152005458517806e-03,7.763772336222274362e-05,7.571948551332585708e-04
1.790000000000000000e+02,1.442941885640228739e-01,-3.516319558306011395e-01,-4.104332437967185832e-01,5.404632087152191344e-01,7.870226296344146055e-02,-3.249573428374841200e-03,-8.903917040979925090e-04,-1.981360768834927732e-03,-2.590467412530994551e-04,7.875632169662694082e-05,7.958262507323787815e-05
1.800000000000000000e+02,1.439240580208302478e-01,-4.334818255704808720e-03,-4.422518918093462648e-01,4.422731355828157240e-01,7.321036459420739162e-02,3.472059323040399548e-03,-5.796448171163648411e-04,1.047969220101752086e-03,3.574036307980588134e-04,2.544182282218088176e-04,4.725170843999926262e-05
1.810000000000000000e+02,1.559144041305588757e-01,-6.874953859852583893e-02,4.263052941806559915e-01,4.318132731910470645e-01,8.554410360897565790e-02,1.500333646856422121e-03,8.018853808253734172e-04,-7.203516882764438023e-04,-3.317200023472688386e-04,-1.140873393609131980e-04,-4.255575889133833556e-05
1.820000000000000000e+02,1.750784369421536923e-01,3.735782293596436876e-01,-3.632423949994425527e-01,5.210621181552326231e-01,1.147675133585628893e-01,4.151149700286627109e-04,-1.121423097284024450e-03,5.008691204337889502e-04,-6.686884438189544255e-05,1.017856878671175025e-05,-1.078353900422213130e-04
1.830000000000000000e+02,5.367326902969746932e-02,2.238036496068628312e-01,-1.255005720177927442e-01,2.565900761022230636e-01,9.371859147137695870e-03,1.652612474070913606e-02,-1.563897098755262505e-03,1.428057963590134705e-03,2.480815904748467915e-04,4.031242240765120499e-04,2.836164761004233981e-04
1.840000000000000000e+02,1.841391267670857146e-01,5.089012538429813493e-01,4.773266908655715568e-02,5.111349076917808265e-01,1.262287964068542212e-01,-1.054227221781944834e-03,2.468563964665992927e-04,-1.437121095625437661e-04,4.548720854553600645e-04,-2.461835799028033733e-05,-2.166944530679337788e-05
1.850000000000000000e+02,1.066166225983268823e-01,3.012126974202569141e-01,2.960934629435671983e-01,4.223747481622224798e-01,3.958043801798336730e-02,2.425641209427453759e-03,-1.591868404082763533e-04,-2.120776623422249152e-03,-1.444231803665485536e-03,-5.300002618380261765e-05,1.100692281186255173e-05
1.860000000000000000e+02,1.523424339707021846e-01,4.842607417308841811e-01,1.093449918767341877e-01,4.964522063907754745e-01,8.498881781010207692e-02,-1.651400974595040871e-03,-4.452206102444344893e-04,6.018069700230999075e-04,-5.266629779440146208e-04,2.317319307252319049e-04,1.543866465070209415e-04
1.870000000000000000e+02,1.274065219760308065e-01,2.391171186200369281e-02,5.501017220717705491e-01,5.506211715785173100e-01,6.169582918796287507e-02,7.971233176071068627e-03,-1.599829137158281789e-03,1.142105717539809717e-03,-1.249129090756806448e-04,-5.688974772208865716e-04,-1.216630432224752312e-04
1.880000000000000000e+02,1.050126700141442299e-01,4.835420461343322707e-01,6.914887380905065939e-03,4.835914867398590777e-01,3.979104304034466327e-02,-4.172366430451490693e-03,-1.157635535374179625e-03,1.127539476867056578e-03,-6.827078406252962139e-04,6.514910109345350975e-05,-6.749736325917243818e-05
1.890000000000000000e+02,6.280084261539901902e-02,-7.215036546784892035e-02,-2.952928863215650845e-01,3.039795452810352128e-01,1.302205540054755285e-02,1.675476613323478858e-02,8.751160662050727623e-03,6.929886683044506057e-03,1.960585190172725589e-04,-5.017686653929764873e-05,2.269239054841776237e-04
1.900000000000000000e+02,1.212836936438035501e-01,1.166758033302264241e-01,3.815835439281916042e-01,3.990228616001241235e-01,5.068519130678836304e-02,-3.872530492521342182e-04,-7.609988457937255646e-04,1.696878252115396890e-04,1.491944909770559491e-05,-6.376586370904213652e-05,1.714906163081675317e-04
1.910000000000000000e+02,1.004838443518310809e-01,3.738046054007897467e-01,3.729641198960003123e-01,5.280455640838565001e-01,3.756281692936179473e-02,-1.465020728960153562e-03,8.215828443880468512e-05,3.719770416346079855e-04,-1.158815030698923110e-03,2.294738956103437033e-04,-2.015508660964115961e-04
1.920000000000000000e+02,1.326918471156916524e-01,-4.613324181746866204e-01,-1.609314284170378917e-01,4.885964845465551321e-01,6.394905460302709177e-02,-7.842247434090232616e-03,2.039742896257745741e-03,-3.829577099559999809e-04,4.227208254559133849e-04,-4.001553471826291286e-04,7.835875684336635061e-05
1.930000000000000000e+02,1.863556755142987686e-01,-2.882736183403054597e-01,-1.004939328894155492e-01,3.052879125982462249e-01,1.158723640986858427e-01,7.108534961497436910e-04,8.854821346935271009e-04,-8.134174854527165266e-04,1.791023515573808567e-04,-2.271673893261549892e-04,2.256520463403965948e-04
1.940000000000000000e+02,1.351058488547844383e-01,-2.054453732800015642e-01,-6.151881724717200850e-02,2.144583089498985351e-01,5.901593602656023119e-02,9.460944704606788491e-04,-3.912711945482039155e-03,-4.956191451480518317e-03,-7.885080129821364636e-05,1.071367858287430863e-04,-8.585429326501969882e-05
1.950000000000000000e+02,5.003325495654473154e-02,-2.469553179651962083e-02,1.527360053020729858e-01,1.547196064057421994e-01,7.965585999318552241e-03,-2.116000128855133333e-02,2.218769919931418144e-03,3.128233537526226016e-03,4.215272694001459541e-03,1.191999786267494699e-03,7.129209867826613589e-04
1.960000000000000000e+02,6.394856900985014525e-02,-3.647335942987698920e-01,4.299093561921520923e-01,5.637842223330219449e-01,1.559499620000404790e-02,-3.498180047183385710e-03,1.001206293962164651e-03,2.123338686067510750e-03,-2.400877637937282039e-03,-4.400675314367719082e-04,3.778587309386516324e-04
1.970000000000000000e+02,1.760422339774396772e-01,-1.587691544143420286e-01,4.443794613508718072e-01,4.718906123922536611e-01,1.120677693258152752e-01,-7.524715043362162348e-04,1.380092940290511550e-03,2.015592631157137049e-04,1.403302158091701557e-04,-1.266872130121221574e-04,-1.380261503458601879e-05
1.980000000000000000e+02,9.157103795482141040e-02,2.914810433123347089e-01,6.428537367558095905e-02,2.984858587589305223e-01,2.767457694951836952e-02,-1.907810339905835484e-03,4.747616989994485337e-03,3.789537037945489573e-03,-1.404833473259814447e-03,2.979494244428337879e-04,1.920413299520973283e-04
1.990000000000000000e+02,7.436651640625330240e-02,-2.915776529056513522e-01,2.553540915936464151e-01,3.875864287711643374e-01,1.888643752312978152e-02,7.544423229531638242e-03,3.521632278217445844e-03,5.357074749319234996e-04,6.899313764063830234e-04,1.622791938137968515e-03,5.033128511156004237e-04
